"Reference","Value","Qty"
"BAT1","","1"
"C1,C2","1u","2"
"C3,C6,C7,C10,C11,C12","100n","6"
"C4,C5","22pf","2"
"C8","TBD","1"
"C9","1.5pf","1"
"C13,C14","10pf","2"
"CH1,S1","LED_Small_Filled","2"
"H1,H2,H3","MountingHole","3"
"IC1","ESP32-C3FN4","1"
"J1","USB_C_Receptacle_USB2.0_14P","1"
"J3","Conn_01x04","1"
"L1","2.2nH","1"
"L2","2.4GHz","1"
"ON1","SW_Push","1"
"R1","22R","1"
"R3,R10,R12,R13","10k","4"
"R6,R11","1k","2"
"R7,R8","22Ω","2"
"R9","26k","1"
"R14,R15","100k","2"
"R16,R17","5.1k","2"
"U1","LSM6DSV320XTR","1"
"U2","BQ21040DBV","1"
"U3","TPS27081ADDCR","1"
"U4","USBLC6-2SC6","1"
"U5","MIC5504-3.3YM5","1"
"Y1","40MHZ 15pf","1"
"Y2","32 KHz","1"
